{
  "dataset": "Mammogram Density Assessment",
  "total_samples": 596,
  "train_samples": 506,
  "val_samples": 90,
  "img_size": [
    224,
    224
  ],
  "batch_size": 16,
  "epochs": 50,
  "mode": "regression",
  "metrics": {
    "mae": 10.74635124206543,
    "mse": 191.455078125,
    "rmse": 13.836729314581536,
    "r2_score": 0.6272708177566528,
    "predictions": [
      27.190690994262695,
      74.64971923828125,
      37.30437469482422,
      54.14898681640625,
      -3.242203950881958,
      46.50297927856445,
      25.35504722595215,
      47.910621643066406,
      49.628726959228516,
      30.904294967651367,
      23.921955108642578,
      4.029244422912598,
      49.11597442626953,
      5.157051086425781,
      15.92316722869873,
      15.263102531433105,
      21.361345291137695,
      57.87455368041992,
      34.841033935546875,
      30.670372009277344,
      13.434210777282715,
      22.944223403930664,
      17.87401008605957,
      31.878150939941406,
      31.991653442382812,
      30.366050720214844,
      8.734858512878418,
      21.29019546508789,
      35.51325988769531,
      20.409456253051758,
      39.69109344482422,
      46.69837951660156,
      2.911970615386963,
      43.19932556152344,
      23.186222076416016,
      52.58730697631836,
      54.94865417480469,
      9.01483154296875,
      46.292449951171875,
      37.05987548828125,
      20.196605682373047,
      20.47694206237793,
      65.0715560913086,
      48.25716781616211,
      37.82013702392578,
      65.10757446289062,
      17.57364845275879,
      68.07113647460938,
      37.944183349609375,
      10.043364524841309,
      33.617279052734375,
      50.82566833496094,
      31.391237258911133,
      56.859886169433594,
      35.60141372680664,
      11.903105735778809,
      49.0361213684082,
      29.256437301635742,
      32.74717330932617,
      40.93451690673828,
      38.07134246826172,
      2.0806915760040283,
      38.999359130859375,
      34.91770935058594,
      42.914981842041016,
      10.32818603515625,
      32.33476638793945,
      33.63265609741211,
      11.24359130859375,
      21.817060470581055,
      46.85694122314453,
      26.21015739440918,
      44.78134536743164,
      36.96154022216797,
      39.14347457885742,
      32.400875091552734,
      13.728299140930176,
      10.224730491638184,
      64.14854431152344,
      18.08416175842285,
      23.43807029724121,
      39.664146423339844,
      43.46427917480469,
      14.50648021697998,
      62.52471160888672,
      71.01664733886719,
      24.220121383666992,
      5.96103572845459,
      9.00542163848877,
      18.435251235961914
    ],
    "true_values": [
      30,
      76,
      30,
      76,
      1,
      52,
      24,
      10,
      76,
      20,
      26,
      10,
      70,
      40,
      20,
      15,
      2,
      60,
      15,
      45,
      20,
      15,
      26,
      15,
      30,
      15,
      18,
      15,
      15,
      10,
      20,
      35,
      3,
      28,
      15,
      80,
      55,
      1,
      60,
      30,
      40,
      45,
      76,
      40,
      45,
      85,
      26,
      76,
      45,
      8,
      35,
      40,
      35,
      60,
      30,
      15,
      80,
      20,
      40,
      76,
      55,
      8,
      30,
      26,
      60,
      20,
      30,
      20,
      10,
      35,
      40,
      20,
      80,
      55,
      55,
      28,
      18,
      3,
      60,
      20,
      35,
      40,
      30,
      20,
      55,
      80,
      20,
      8,
      26,
      8
    ]
  },
  "trained_at": "2025-10-06T13:27:25.060350"
}